year_month,average_temperature
2022-11,14.235999999999999
2022-12,7.538709677419354
2023-01,5.709677419354839
2023-02,7.303571428571429
2023-03,12.948387096774193
2023-04,16.306666666666665
2023-05,18.96451612903226
2023-06,23.19
2023-07,28.70967741935484
2023-08,29.200000000000003
2023-09,26.69333333333333
2023-10,18.87741935483871
2023-11,19.349999999999998
